category,saiga2_7b_lora_en
STEM,34.04449983044944
humanities,46.613565595489526
"other (business, health, misc.)",44.70693664617507
social sciences,47.611240869938165
