category,mistral-open-orca-ru-4600-step_ru
STEM,38.47049917607475
humanities,45.581433620088816
"other (business, health, misc.)",43.877712337001604
social sciences,45.98935259682889
