category,verbalist_7b_v7_checkpoint-16500_flash_ru
STEM,28.643467006863084
humanities,34.938254920664775
"other (business, health, misc.)",33.519969477382794
social sciences,30.603554223591086
