category,saiga2_7b_lora_ru
STEM,31.139999512206373
humanities,37.481114429081046
"other (business, health, misc.)",37.21952078009933
social sciences,37.82925780180579
