category,saiga_7b_lora_ru
STEM,29.040187960165074
humanities,30.051140355190572
"other (business, health, misc.)",31.003338939631593
social sciences,30.648944848092484
