category,saiga_mistral_7b_lora_ru
STEM,40.79443023125426
humanities,51.72515816325611
"other (business, health, misc.)",48.736965135630804
social sciences,52.69333024519866
