category,saiga_7b_lora_en
STEM,31.797063177863322
humanities,37.33567099689168
"other (business, health, misc.)",36.667765482198284
social sciences,36.695785586080966
