category,verbalist_7b_v7_checkpoint-14300_ru
STEM,29.149179902081002
humanities,36.604787736079054
"other (business, health, misc.)",33.01432076794945
social sciences,32.43245353895028
