category,tiny-llama-2T-open-orca-ru-10000-step_ru
STEM,30.736600315842452
humanities,27.532403846698973
"other (business, health, misc.)",29.397894663260647
social sciences,32.31567200026442
