category,verbalist_7b_v10_1650_ru
STEM,39.835050180624506
humanities,53.157963822066414
"other (business, health, misc.)",50.07886304541154
social sciences,53.760293377272255
