category,verbalist_7b_v7_checkpoint-7000_ru
STEM,29.50474984546708
humanities,36.73514982011174
"other (business, health, misc.)",34.67815142085343
social sciences,32.59650909497611
